Trip_Distance_km,Time_of_Day,Day_of_Week,Passenger_Count,Traffic_Conditions,Weather,Base_Fare,Per_Km_Rate,Per_Minute_Rate,Trip_Duration_Minutes,Trip_Price
19.35,2,0,3.0,1,0,3.56,0.8,0.32,53.82,36.2624
36.87,1,1,1.0,0,0,2.7,1.21,0.15,37.27,52.9032
8.64,0,1,2.0,2,0,2.55,1.71,0.48,89.33,60.2028
41.79,3,1,3.0,0,0,4.6,1.77,0.11,86.95,88.13279999999999
9.91,1,0,2.0,0,0,2.32,1.26,0.34,41.72,28.9914
9.99,3,0,4.0,0,0,4.33,0.85,0.43,34.0,27.4415
15.91,2,0,4.0,1,0,4.42,1.77,0.21,114.93,56.716
26.71,0,1,4.0,1,1,4.3,1.59,0.2,111.18,69.0049
30.98,0,1,1.0,1,1,4.5,0.84,0.25,57.02,44.7782
105.94355003672597,3,1,2.0,1,1,3.94,1.69,0.32,23.03,201.869509186128
18.95,3,0,1.0,1,0,3.38,0.78,0.39,54.04,39.2366
138.09832791310237,1,1,4.0,2,1,2.24,1.75,0.32,94.86,280.87730155406564
3.28,1,0,2.0,2,0,2.88,1.76,0.2,78.04,24.260800000000003
30.77,2,0,1.0,1,0,3.64,1.33,0.13,109.6,58.8121
9.36,0,0,1.0,2,0,2.4,1.85,0.15,7.07,20.7765
48.32,2,0,2.0,1,0,2.49,0.61,0.44,67.25,61.5552
40.61,0,0,1.0,1,0,2.31,0.88,0.38,42.25,54.1018
5.79,1,0,4.0,1,0,4.63,1.83,0.24,107.07,40.9225
6.98,0,1,2.0,1,0,2.32,0.78,0.18,72.37,20.791
25.26,1,0,2.0,0,0,3.95,1.71,0.12,82.53,57.0482
2.69,0,0,4.0,1,0,4.6,1.95,0.34,97.49,42.9921
33.46,0,1,2.0,1,1,2.23,0.63,0.12,64.07,30.9982
26.48,2,1,3.0,2,0,2.15,1.25,0.2,47.97,44.844
27.79,1,0,2.0,1,0,2.77,0.72,0.43,49.63,44.1197
10.06,2,0,2.0,2,1,2.41,1.16,0.38,16.0,20.1596
38.98,0,0,3.0,1,0,3.16,1.28,0.26,15.47,57.0766
44.85,1,1,1.0,2,1,3.83,0.51,0.29,52.52,41.9343
30.3,3,1,1.0,1,0,4.5,1.64,0.35,51.65,72.2695
46.17,0,0,4.0,2,0,4.13,1.57,0.28,83.15,99.8989
3.22,0,0,3.0,1,1,2.83,1.63,0.31,93.78,37.1504
16.94,0,0,3.0,2,2,3.92,1.93,0.42,100.24,78.715
14.3,3,0,3.0,0,0,4.99,0.99,0.37,108.2,59.181
18.48,0,0,4.0,2,0,2.84,1.37,0.39,106.41,69.6575
146.0670471598387,0,0,2.0,2,0,4.79,0.73,0.3,60.81,320.958663578238
27.59,1,1,1.0,2,1,2.07,1.03,0.46,67.33,61.459500000000006
7.91,2,0,4.0,2,0,4.09,1.55,0.47,110.69,68.3748
40.31,2,0,4.0,2,0,4.18,1.34,0.12,108.49,71.2142
38.84,2,1,2.0,1,0,4.93,1.34,0.25,50.21,69.52810000000001
1.27,2,0,2.0,0,0,4.47,0.62,0.16,37.99,11.3358
35.64,3,1,1.0,0,1,3.94,0.62,0.1,104.02,36.4388
38.79,0,0,2.0,1,0,3.95,1.88,0.33,82.93,104.2421
6.68,3,1,2.0,2,0,3.32,1.35,0.38,12.08,16.9284
43.29,1,0,1.0,2,1,2.12,1.82,0.37,36.05,94.2463
31.54,2,0,2.0,0,0,3.09,1.91,0.26,93.37,87.6076
17.21,0,0,2.0,1,1,4.48,1.61,0.1,106.78,42.8661
4.11,1,1,2.0,0,1,4.1,0.63,0.15,30.48,11.2613
16.93,0,0,4.0,1,2,2.17,1.12,0.37,59.09,42.9949
36.75,0,0,2.0,2,0,3.28,1.21,0.27,105.46,76.2217
44.47,3,1,1.0,1,0,4.79,0.79,0.31,64.0,59.761300000000006
6.86,3,1,2.0,0,0,2.93,1.18,0.18,102.45,29.4658
35.95,0,1,4.0,1,0,3.58,0.95,0.44,6.1,40.4165
28.5,0,0,1.0,2,0,4.92,1.78,0.46,109.33,105.9418
26.61,2,0,4.0,1,1,3.07,0.68,0.18,65.91,33.0286
21.95,2,0,3.0,2,0,4.05,0.88,0.1,44.99,27.865
32.18,3,0,2.0,2,1,2.95,1.39,0.17,87.13,62.4923
25.92,3,0,3.0,1,0,3.97,1.71,0.46,22.79,58.7766
45.47,3,1,4.0,1,1,2.12,1.28,0.23,56.93,73.4155
13.22,2,0,2.0,1,1,3.79,0.68,0.37,51.92,31.99
21.11,0,1,4.0,0,1,4.61,0.69,0.18,84.06,34.3067
112.8309582902826,0,0,2.0,0,2,3.35,1.9,0.23,78.63,233.00828520738887
102.74755620694734,1,0,2.0,2,0,2.23,1.8,0.23,53.09,274.53508679715014
46.56,2,0,3.0,1,0,4.46,0.87,0.46,119.21,99.8038
40.6,0,1,3.0,2,0,2.73,0.55,0.26,17.2,29.532000000000004
32.04,0,0,3.0,1,0,3.26,0.65,0.2,31.8,30.446
10.14,1,0,3.0,0,1,2.73,1.06,0.4,16.24,19.974400000000003
27.43,2,1,4.0,1,1,2.58,1.59,0.28,23.53,52.7821
40.56,1,1,3.0,2,1,2.31,0.67,0.44,119.54,82.0828
44.91,3,0,1.0,1,1,4.73,1.11,0.33,25.7,63.0611
6.39,1,0,4.0,0,0,4.28,1.31,0.38,102.57,51.6275
12.17,0,1,4.0,1,1,2.15,1.73,0.31,7.35,25.4826
26.03,2,0,2.0,2,0,2.27,1.55,0.4,83.98,76.20850000000002
21.45,1,0,2.0,2,0,4.27,1.12,0.3,82.54,53.056
6.87,2,0,2.0,2,1,2.56,1.5,0.23,9.0,14.935
17.54,2,0,2.0,1,1,2.56,1.29,0.49,52.06,50.696
16.84,2,1,2.0,2,2,2.17,1.01,0.12,98.03,30.942000000000004
26.42,1,0,3.0,0,0,3.76,1.86,0.23,97.04,75.22040000000001
18.82,0,0,2.0,1,1,2.05,0.63,0.12,74.75,22.8766
48.62,0,1,1.0,1,1,2.15,1.17,0.11,74.49,67.2293
109.61608204688008,0,0,4.0,0,0,4.46,1.69,0.23,53.88,327.21766546350466
14.96,2,0,1.0,2,1,3.79,0.9,0.17,66.66,28.5862
2.81,1,1,3.0,1,1,2.82,1.12,0.38,56.65,27.4942
30.87,1,0,4.0,2,0,2.08,1.85,0.31,55.61,76.4286
3.52,1,0,4.0,2,1,3.88,1.53,0.23,87.64,29.4228
45.51,1,0,1.0,2,0,4.23,0.63,0.13,27.65,36.4958
12.74,1,0,4.0,1,1,4.03,1.8,0.16,52.47,35.357200000000006
8.1,0,1,1.0,0,0,2.62,0.98,0.13,31.19,14.6127
24.98,0,1,3.0,1,1,3.06,0.77,0.42,72.14,52.5934
49.3,0,0,2.0,1,0,2.38,0.86,0.4,47.72,63.866
12.86,1,0,1.0,1,0,2.39,1.13,0.4,56.62,39.5698
38.32,1,0,1.0,2,0,4.58,0.98,0.37,28.41,52.6453
19.02,1,0,2.0,2,0,2.55,1.36,0.12,54.88,35.0028
5.42,2,0,3.0,2,1,3.85,1.84,0.24,68.73,30.318
41.93,1,1,4.0,2,1,4.34,1.64,0.21,69.27,87.6519
3.0,2,0,2.0,1,0,2.17,0.73,0.45,34.01,19.6645
29.95,2,0,2.0,2,0,4.24,0.7,0.24,98.23,48.7802
1.81,3,0,1.0,1,1,2.86,1.71,0.32,20.63,12.5567
34.86,1,0,4.0,1,0,3.74,1.45,0.4,21.52,62.895
17.71,3,0,4.0,2,0,2.71,1.48,0.48,6.06,31.829600000000003
6.56,0,0,3.0,1,0,3.48,0.85,0.31,97.94,39.4174
43.99,3,0,2.0,1,0,2.64,0.96,0.29,74.71,66.5363
13.64,2,0,4.0,2,1,2.43,1.54,0.14,43.75,29.5606
33.34,3,1,1.0,2,0,4.28,0.52,0.41,72.33,51.2721
41.04,0,1,1.0,0,0,3.5,1.06,0.4,41.3,63.522400000000005
28.2,2,1,2.0,1,0,4.74,1.03,0.22,15.0,37.086
17.61,2,0,1.0,1,0,4.26,1.34,0.47,64.68,58.257000000000005
44.47,1,0,2.0,0,0,4.95,1.71,0.24,59.18,95.1969
39.21,2,0,2.0,1,2,2.88,0.94,0.21,70.94,54.6348
8.92,2,0,3.0,1,0,3.69,1.07,0.36,42.14,28.4048
45.03,0,0,1.0,0,0,2.76,0.95,0.24,32.28,53.2857
5.97,0,0,4.0,2,1,4.69,1.89,0.32,90.57,44.95569999999999
8.88,3,1,4.0,0,0,4.72,1.85,0.44,88.21,59.96039999999999
34.9,0,1,3.0,2,0,4.9,0.85,0.25,38.29,44.1375
16.94,2,1,4.0,1,0,2.56,0.63,0.19,65.42,25.662
37.58,0,0,4.0,1,2,2.91,1.16,0.47,84.52,86.22719999999998
42.61,2,0,3.0,1,1,2.43,0.94,0.49,62.01,72.86829999999999
33.22,3,1,1.0,1,0,2.31,1.66,0.32,41.02,70.5816
130.80900130744172,0,0,1.0,0,0,3.93,0.63,0.16,88.31,328.8717691378544
48.68,0,0,4.0,1,1,2.59,1.01,0.14,51.44,58.9584
20.26,2,0,3.0,1,1,2.29,0.63,0.27,29.7,23.0728
31.93,0,0,1.0,2,0,4.77,1.71,0.32,37.67,71.4247
39.95,1,1,3.0,1,0,4.46,1.19,0.31,25.25,59.828
29.27,2,1,4.0,2,1,3.97,1.9,0.1,33.99,62.982
25.13,2,1,4.0,2,1,3.61,1.02,0.42,57.23,53.2792
14.76,1,1,3.0,2,0,3.89,1.92,0.47,49.98,55.71979999999999
2.19,0,0,1.0,2,0,2.8,0.51,0.18,14.2,6.472899999999999
32.63,3,0,1.0,2,0,2.12,0.86,0.37,15.33,35.8539
47.08,1,1,1.0,0,1,4.67,0.76,0.34,73.93,65.587
47.74,1,0,3.0,0,0,3.71,0.67,0.17,53.16,44.733
45.83,1,0,4.0,2,0,4.5,1.36,0.39,54.66,88.1462
19.14,1,1,2.0,1,2,4.97,1.79,0.22,11.2,41.6946
46.49,0,0,3.0,1,0,4.08,1.99,0.34,63.05,118.0321
21.98,2,0,1.0,2,0,4.02,1.52,0.17,22.2,41.2036
48.22,3,0,3.0,2,0,4.96,1.99,0.22,19.21,105.144
15.43,1,0,2.0,0,0,2.73,0.93,0.16,75.12,29.0991
16.53,2,1,4.0,2,0,4.34,0.63,0.27,24.96,21.4931
9.31,0,1,2.0,1,1,4.73,0.5,0.2,115.15,32.415000000000006
28.28,0,0,2.0,1,1,3.15,1.17,0.4,103.28,77.5496
46.87,2,0,4.0,1,0,3.89,1.76,0.2,31.51,92.6832
35.11,0,0,3.0,1,1,3.29,1.36,0.45,42.67,70.2411
28.93,2,0,2.0,2,0,3.31,2.0,0.46,29.14,74.5744
5.76,0,0,2.0,0,2,2.93,0.93,0.18,61.57,19.3694
37.3,2,0,3.0,1,2,4.21,1.86,0.35,97.47,107.7025
116.196063616616,0,1,4.0,2,0,2.2,0.85,0.25,19.63,206.69956969976877
139.06223019422194,0,0,2.0,1,1,2.8,1.82,0.14,50.83,276.84059674137075
40.66,0,0,2.0,2,0,3.9,0.67,0.3,34.29,41.4292
43.49,1,0,1.0,1,0,2.77,1.45,0.2,68.97,79.6245
45.75,2,0,3.0,2,1,4.16,0.75,0.23,52.31,50.5038
32.85,3,0,4.0,2,0,2.44,1.18,0.42,31.52,54.4414
39.99,0,0,2.0,0,0,2.71,0.58,0.31,43.98,39.538
17.56,1,0,1.0,1,0,3.22,1.22,0.11,103.66,36.0458
29.34,0,0,2.0,0,0,2.05,1.59,0.48,70.14,82.3678
23.81,2,1,1.0,2,1,2.81,1.91,0.24,62.02,63.1719
15.04,2,0,1.0,1,0,5.0,1.78,0.11,15.09,33.4311
29.95,2,0,4.0,0,0,2.63,1.33,0.33,81.84,69.47070000000001
2.83,2,0,1.0,1,2,3.99,0.96,0.19,11.65,8.920300000000001
18.65,0,0,1.0,2,0,4.75,0.98,0.36,87.41,54.49459999999999
7.23,1,0,1.0,1,0,3.51,1.2,0.39,55.29,33.7491
26.59,2,0,2.0,2,0,4.39,0.93,0.1,51.41,34.2597
11.58,2,0,3.0,1,1,4.93,0.97,0.17,63.28,26.9202
5.18,1,0,2.0,2,0,2.49,1.29,0.21,59.81,21.7323
3.53,2,1,1.0,1,0,2.9,0.59,0.12,92.82,16.1211
145.74705994904548,2,0,3.0,0,1,2.82,0.83,0.49,60.29,325.0989498083767
32.23,0,0,3.0,0,0,4.45,1.2,0.23,119.08,70.5144
48.82,1,0,2.0,0,0,2.27,1.7,0.14,101.76,99.5104
26.3,1,0,2.0,2,0,3.03,1.61,0.39,52.71,65.9299
16.82,1,0,4.0,1,2,4.94,1.14,0.44,93.3,65.1668
39.96,0,0,4.0,1,0,3.89,1.0,0.2,9.66,45.782
2.24,0,0,1.0,1,0,4.46,0.52,0.14,102.26,19.9412
41.96,0,1,4.0,1,1,2.21,1.22,0.19,80.28,68.65440000000001
21.04,0,0,2.0,1,1,2.36,0.85,0.2,72.41,34.726
8.67,2,0,2.0,0,1,4.79,1.79,0.46,71.36,53.1349
13.26,2,0,4.0,2,0,3.49,1.56,0.33,44.36,38.814400000000006
33.35,1,0,1.0,0,0,4.13,1.96,0.26,19.63,74.59979999999999
18.44,0,0,2.0,1,1,4.99,1.9,0.18,44.45,48.027
1.71,2,0,4.0,0,0,4.45,1.27,0.18,87.85,22.4347
3.0,0,0,1.0,1,0,3.79,0.73,0.28,9.82,8.729600000000001
42.92,2,0,3.0,0,0,4.66,1.05,0.34,62.85,71.095
35.48,0,0,3.0,1,0,3.23,1.43,0.38,72.19,81.39859999999999
116.66768073006573,2,0,2.0,0,0,3.81,0.74,0.25,110.82,248.29520891209057
5.79,2,0,2.0,2,0,3.89,1.95,0.45,10.65,19.973
25.09,2,1,2.0,2,2,3.25,1.87,0.33,70.95,73.5818
24.2,0,0,1.0,1,2,2.43,0.75,0.28,103.17,49.4676
9.49,1,0,1.0,2,0,2.28,0.68,0.13,32.82,12.9998
31.18,0,0,1.0,2,0,2.71,0.79,0.35,89.23,58.5727
32.12,0,0,4.0,0,1,2.63,1.12,0.43,112.31,86.89770000000001
3.22,0,0,1.0,2,0,4.21,1.17,0.3,80.58,32.151399999999995
19.36,3,0,1.0,2,1,2.96,1.4,0.15,55.49,38.3875
25.65,1,0,2.0,2,2,2.49,0.84,0.22,110.81,48.4142
42.97,0,1,4.0,1,0,4.88,1.9,0.38,59.08,108.9734
4.46,0,1,3.0,2,0,3.22,0.53,0.3,60.41,23.7068
32.48,1,0,3.0,1,0,4.29,0.99,0.27,19.3,41.65619999999999
47.07,2,0,4.0,2,1,2.06,1.86,0.15,71.04,100.2662
29.2,0,0,3.0,0,1,3.76,1.45,0.18,76.53,59.87539999999999
20.02,3,0,3.0,0,0,3.37,0.61,0.12,63.16,23.1614
32.52,2,0,4.0,2,1,3.55,1.86,0.18,98.97,81.85180000000001
47.13,1,0,4.0,1,0,4.15,1.3,0.23,6.47,66.90710000000001
19.92,2,0,4.0,1,0,3.33,0.96,0.49,84.95,64.0787
45.36,3,0,3.0,2,0,2.7,0.77,0.24,70.04,54.436800000000005
4.4,2,1,2.0,1,1,3.77,1.94,0.1,45.28,16.834
5.94,3,0,3.0,1,0,2.63,1.25,0.44,110.47,58.6618
1.89,2,1,1.0,1,0,2.71,0.62,0.11,20.41,6.1269
34.47,0,0,1.0,0,0,4.49,1.01,0.46,5.5,41.834700000000005
4.49,2,0,3.0,1,0,3.25,1.78,0.31,111.33,45.75449999999999
2.14,0,1,4.0,0,0,4.01,0.79,0.25,43.3,16.525599999999997
14.81,0,1,1.0,1,1,3.46,0.9,0.12,29.64,20.3458
6.79,2,1,3.0,2,0,2.61,1.65,0.12,72.29,22.4883
35.14,0,1,2.0,2,0,3.88,0.81,0.28,55.94,48.006600000000006
44.0,2,0,3.0,1,0,4.99,1.2,0.46,41.76,76.9996
40.37,0,0,1.0,0,1,3.46,1.9,0.43,84.32,116.42059999999998
14.82,1,0,4.0,0,0,3.7,0.81,0.18,88.36,31.609
9.69,2,0,2.0,2,0,4.75,1.04,0.26,85.28,37.0004
37.78,3,1,2.0,2,0,4.4,0.72,0.23,40.76,40.9764
40.53,0,0,1.0,2,0,3.35,1.26,0.26,16.46,58.6974
49.53,2,0,2.0,2,0,4.16,1.19,0.16,36.33,68.9135
21.22,2,0,2.0,2,0,3.76,1.85,0.3,100.66,73.21499999999999
19.23,2,0,3.0,2,0,3.48,1.9,0.42,117.75,89.472
17.7,0,1,1.0,2,0,3.39,1.24,0.3,6.12,27.174
46.61,1,0,1.0,0,0,2.74,1.84,0.44,21.11,97.7908
37.97,1,0,2.0,0,1,3.6,1.13,0.45,113.49,97.57659999999998
6.05,2,0,3.0,2,0,3.89,0.84,0.33,46.98,24.4754
25.76,2,0,3.0,0,0,2.39,0.56,0.21,94.76,36.7152
41.5,1,0,3.0,1,0,3.13,1.47,0.42,91.88,102.72459999999998
44.88,0,0,1.0,2,0,3.87,0.58,0.5,77.08,68.4404
20.07,1,0,2.0,2,2,3.34,0.85,0.15,78.37,32.155
47.55,2,0,4.0,1,0,4.78,1.97,0.27,94.35,123.928
47.58,2,0,3.0,1,0,4.13,0.8,0.31,105.33,74.8463
29.1,2,0,4.0,0,0,3.26,0.82,0.12,29.8,30.698
22.97,3,1,2.0,1,1,2.25,0.76,0.2,60.53,31.8132
5.47,2,1,1.0,2,0,2.52,0.82,0.17,75.75,19.8829
25.23,2,0,3.0,1,1,3.94,1.35,0.13,100.22,51.0291
27.93,3,1,4.0,1,0,4.15,0.56,0.2,73.35,34.4608
44.5,3,1,4.0,2,0,4.02,1.47,0.45,23.88,80.18099999999998
6.74,1,1,4.0,1,1,4.68,1.46,0.17,117.71,34.5311
38.31,0,1,1.0,1,0,2.99,0.64,0.41,31.15,40.2799
31.29,0,1,1.0,2,2,2.74,1.14,0.34,24.7,46.8086
5.12,2,1,4.0,1,0,3.17,1.92,0.21,75.09,28.7693
35.35,2,0,1.0,2,0,4.2,1.21,0.15,79.01,58.825
41.27,1,0,1.0,1,0,2.64,1.65,0.33,107.76,106.2963
5.16,3,0,2.0,2,0,3.23,1.72,0.25,58.17,26.6477
47.42,2,0,2.0,1,1,3.02,1.64,0.16,104.35,97.4848
37.92,1,0,2.0,2,1,2.02,0.84,0.39,112.04,77.56840000000001
21.79,1,0,2.0,0,0,4.37,1.17,0.34,5.61,31.7717
45.41,0,0,2.0,1,0,3.85,0.51,0.12,69.95,35.4031
6.45,2,0,2.0,1,0,2.13,1.73,0.46,44.01,33.5331
25.14,3,0,3.0,0,1,3.87,1.04,0.31,42.11,43.069700000000005
1.56,0,0,4.0,0,0,2.93,1.31,0.37,79.16,34.2628
29.59,0,0,3.0,2,1,4.32,1.46,0.29,6.34,49.36
48.15,3,0,2.0,1,0,3.45,0.95,0.34,69.03,72.6627
19.37,2,0,3.0,2,0,4.69,0.69,0.11,81.08,26.9741
15.0,3,0,3.0,1,2,4.72,1.76,0.21,73.07,46.46469999999999
43.56,0,0,3.0,1,1,2.26,1.04,0.11,89.67,57.426100000000005
11.96,1,0,2.0,2,2,4.81,1.49,0.27,70.7,41.71940000000001
3.11,1,1,3.0,1,0,4.42,0.59,0.16,36.62,12.1141
44.67,0,1,2.0,2,1,4.55,1.12,0.46,14.16,61.09400000000001
26.86,0,0,4.0,1,0,2.87,1.32,0.31,54.4,55.1892
49.66,0,1,4.0,0,0,4.86,1.15,0.16,68.75,72.969
48.5,1,0,1.0,1,0,3.61,1.66,0.39,79.03,114.9417
26.63,0,1,1.0,2,0,3.73,0.56,0.38,43.27,35.08540000000001
31.84,1,0,3.0,0,2,3.94,0.79,0.18,91.81,45.6194
107.78683195771164,2,1,1.0,0,0,2.05,1.3,0.18,79.6,322.7259960920446
23.27,0,1,2.0,1,0,4.88,1.9,0.38,78.31,78.85079999999999
29.63,0,0,3.0,0,0,2.43,1.76,0.28,6.31,56.345600000000005
3.23,0,0,2.0,1,1,3.7,1.14,0.41,48.24,27.1606
14.77,0,1,4.0,2,0,4.8,1.21,0.28,113.4,54.42370000000001
31.39,0,0,1.0,1,0,3.63,0.86,0.19,28.43,36.0271
23.72,0,0,3.0,2,0,2.22,1.89,0.15,39.05,52.9083
18.31,0,0,1.0,2,1,4.05,1.37,0.21,64.22,42.6209
29.6,0,0,2.0,1,0,3.51,1.5,0.18,24.02,52.2336
4.81,0,1,1.0,1,0,4.3,1.87,0.28,117.44,46.1779
48.75,0,1,2.0,2,1,3.46,1.02,0.46,17.41,61.1936
49.32,1,0,1.0,1,0,2.45,1.43,0.14,112.17,88.6814
35.21,0,1,4.0,2,0,3.94,0.56,0.39,110.06,66.581
27.27,0,1,3.0,0,0,2.52,0.78,0.37,65.42,47.996
8.97,0,0,1.0,1,0,4.89,1.07,0.25,44.17,25.5304
31.06,1,0,4.0,1,0,4.41,0.88,0.44,37.97,48.4496
21.49,1,1,4.0,1,1,4.45,1.71,0.28,47.2,54.4139
43.44,2,0,1.0,1,0,3.51,0.79,0.19,11.01,39.9195
2.29,2,1,1.0,1,0,4.26,1.8,0.41,13.54,13.9334
19.45,0,0,1.0,0,0,2.4,0.86,0.29,16.93,24.0367
40.72,1,0,2.0,0,0,3.64,0.62,0.35,98.49,63.3579
49.38,2,0,1.0,1,0,3.64,1.03,0.28,9.47,57.153000000000006
30.11,2,0,3.0,2,0,3.25,1.33,0.3,36.34,54.1983
19.66,3,0,2.0,1,0,4.56,1.73,0.44,105.23,84.873
42.26,2,0,3.0,0,1,2.3,1.69,0.26,40.14,84.1558
42.08,0,1,1.0,2,1,2.27,1.41,0.19,64.53,73.86349999999999
23.97,2,0,1.0,0,0,2.79,1.24,0.26,48.93,45.2346
21.33,2,0,1.0,1,0,4.62,0.56,0.43,69.89,46.61750000000001
14.4,0,1,2.0,1,0,2.39,1.98,0.19,18.17,34.3543
43.37,0,1,3.0,1,0,2.3,0.73,0.42,53.94,56.61489999999999
40.83,0,0,1.0,2,0,3.87,1.5,0.24,45.05,75.92699999999999
49.99,0,1,3.0,1,0,3.07,0.93,0.36,86.67,80.7619
139.476514583775,1,0,1.0,1,0,4.37,1.38,0.2,46.85,296.0886973121837
28.22,2,0,3.0,0,0,2.7,1.38,0.14,100.83,55.7598
47.29,2,1,1.0,0,0,2.71,1.75,0.14,87.75,97.75249999999998
13.12,0,0,3.0,2,2,4.62,1.17,0.44,102.3,64.9824
23.08,2,1,4.0,2,1,2.38,1.31,0.24,89.61,54.1212
7.33,0,1,2.0,2,1,4.6,1.5,0.49,29.35,29.9765
30.7,2,1,4.0,1,0,2.38,1.09,0.21,41.37,44.5307
12.2,0,1,1.0,2,0,3.28,1.47,0.12,117.25,35.284
33.91,2,0,2.0,2,0,2.48,0.73,0.38,34.54,40.3595
6.56,1,0,4.0,1,0,2.32,1.59,0.38,50.68,32.0088
26.5,2,0,1.0,0,0,4.44,0.81,0.45,114.61,77.4795
26.49,3,0,1.0,0,0,3.54,1.82,0.15,99.2,66.6318
42.76,0,0,2.0,2,1,4.85,1.29,0.17,67.92,71.5568
28.04,1,1,4.0,0,0,3.61,1.89,0.48,9.69,61.2568
7.57,0,0,3.0,0,0,3.42,1.7,0.23,103.8,40.163
35.5,0,1,2.0,1,1,3.21,1.91,0.35,111.09,109.89649999999996
11.44,2,1,1.0,1,1,3.0,1.28,0.2,103.06,38.2552
7.68,1,0,3.0,2,0,3.48,1.52,0.48,94.11,60.32639999999999
18.18,1,0,2.0,0,1,2.72,0.7,0.49,63.0,46.316
45.3,0,1,3.0,2,1,2.32,0.73,0.28,8.51,37.7718
18.06,0,1,3.0,0,0,2.72,0.77,0.33,20.16,23.279
20.43,1,0,2.0,2,0,2.51,1.43,0.39,53.63,52.6406
43.26,2,0,4.0,2,2,2.92,1.26,0.43,47.55,77.8741
8.21,2,1,3.0,2,0,2.97,1.36,0.34,95.18,46.49680000000001
46.4,0,0,4.0,1,0,3.63,1.46,0.33,92.78,101.9914
25.11,0,0,4.0,2,0,3.66,1.34,0.25,88.1,59.3324
23.5,2,0,4.0,2,0,3.34,1.0,0.23,43.87,36.9301
49.02,0,1,4.0,1,0,4.9,1.65,0.16,59.03,95.2278
25.14,0,0,2.0,2,1,3.13,1.15,0.19,43.04,40.2186
7.32,0,0,4.0,2,0,2.62,1.43,0.39,117.69,58.9867
8.44,1,1,3.0,1,0,2.06,0.63,0.45,75.4,41.30720000000001
32.4,3,1,4.0,1,0,4.33,1.88,0.28,13.17,68.9296
9.91,2,0,1.0,2,1,3.02,1.53,0.33,61.11,38.348600000000005
17.94,2,0,1.0,0,0,3.69,0.69,0.49,85.75,58.0861
44.94,1,0,1.0,1,0,2.61,1.04,0.31,64.02,69.1938
9.44,2,0,1.0,1,0,4.56,0.57,0.18,14.92,12.6264
3.0,1,0,2.0,1,0,4.62,1.83,0.33,48.49,26.111700000000003
9.28,2,0,3.0,2,0,3.06,0.51,0.43,71.29,38.447500000000005
14.65,0,0,4.0,2,0,4.17,0.8,0.5,96.08,63.93
9.67,2,1,4.0,2,0,2.96,1.94,0.26,42.3,32.7178
6.91,2,0,3.0,1,0,2.38,0.89,0.42,20.57,17.1693
23.58,0,0,2.0,2,0,2.54,0.6,0.34,38.5,29.778
34.83,0,0,3.0,2,2,4.83,1.12,0.41,87.5,79.71459999999999
2.93,1,1,2.0,2,2,4.93,1.58,0.3,113.48,43.60339999999999
40.17,0,0,2.0,2,1,3.13,1.88,0.22,65.69,93.1014
31.77,0,0,4.0,1,0,4.77,1.11,0.49,67.1,72.9137
5.01,0,1,4.0,1,1,3.63,0.79,0.37,58.02,29.055300000000003
43.81,0,0,3.0,2,0,2.81,1.28,0.26,42.48,69.9316
46.12,0,0,3.0,1,0,4.11,1.86,0.21,59.7,102.4302
138.76388715029725,3,0,2.0,0,0,3.98,1.71,0.39,74.32,332.0436886774302
37.66,1,0,4.0,2,0,4.02,1.36,0.31,104.15,87.5241
19.15,0,0,2.0,2,0,2.01,1.3,0.15,80.61,38.9965
24.74,3,1,3.0,0,0,5.0,1.82,0.36,107.93,88.8816
19.08,0,1,4.0,2,0,4.36,1.22,0.1,115.6,39.1976
23.66,2,0,3.0,2,0,3.53,0.61,0.15,52.82,25.8856
13.37,0,0,2.0,1,1,2.85,1.92,0.19,114.32,50.2412
35.95,1,0,2.0,1,0,3.13,0.92,0.41,33.13,49.78730000000001
27.07,1,0,1.0,2,0,2.23,0.74,0.25,35.88,31.2318
6.25,3,1,4.0,2,2,2.05,1.23,0.37,94.31,44.6322
12.88,2,1,2.0,1,0,4.8,1.44,0.49,42.13,43.9909
19.49,3,1,4.0,2,1,4.41,0.69,0.22,76.0,34.5781
44.64,1,0,1.0,2,1,2.5,1.58,0.11,52.27,78.7809
39.67,1,0,1.0,2,0,3.88,1.16,0.23,52.06,61.871
25.42,1,0,4.0,2,0,4.84,1.43,0.2,67.58,54.7066
5.26,2,0,1.0,1,0,3.74,1.65,0.31,67.5,33.344
29.76,2,0,3.0,2,1,2.15,1.94,0.14,20.5,62.7544
37.53,0,0,4.0,1,1,2.19,1.84,0.48,62.05,101.0292
22.15,2,1,2.0,1,0,2.56,0.91,0.42,24.45,32.985499999999995
14.91,0,1,1.0,2,0,4.23,1.28,0.38,112.25,65.9698
18.79,0,1,3.0,0,1,4.17,1.19,0.25,74.57,45.1726
28.97,0,0,3.0,2,0,4.51,1.37,0.41,51.21,65.195
18.45,0,0,4.0,2,0,2.46,1.59,0.49,109.53,85.4652
30.68,3,0,1.0,2,0,2.75,1.44,0.27,93.45,72.16069999999999
5.99,3,0,3.0,2,0,2.76,1.57,0.25,115.4,41.014300000000006
13.05,2,0,1.0,1,0,3.22,1.79,0.12,103.2,38.9635
8.87,3,0,3.0,1,0,4.96,1.19,0.37,24.8,24.6913
9.5,0,0,1.0,1,0,2.16,1.22,0.43,36.15,29.2945
4.93,1,1,1.0,2,0,2.16,1.07,0.29,8.67,9.9494
26.7,1,0,4.0,2,0,4.51,1.62,0.22,13.75,50.789
21.11,1,1,3.0,0,0,3.54,0.65,0.36,36.5,30.4015
49.14,0,0,3.0,0,1,3.58,1.21,0.22,27.99,69.1972
20.49,0,0,1.0,0,0,2.51,1.66,0.39,96.76,74.2598
43.41,0,0,2.0,1,1,2.96,1.25,0.14,5.66,58.0149
13.64,3,1,2.0,2,1,2.63,1.11,0.16,51.91,26.076
9.37,0,0,1.0,2,0,2.35,1.67,0.13,18.1,20.3509
46.54,2,0,2.0,1,1,2.07,0.84,0.22,85.74,60.0264
28.28,1,0,2.0,2,1,4.41,1.88,0.16,87.9,71.6404
14.72,0,0,4.0,2,0,2.89,1.07,0.47,5.01,20.9951
38.71,0,0,2.0,2,1,2.41,1.25,0.31,114.7,86.3545
16.86,2,0,1.0,2,0,4.09,1.34,0.45,108.96,75.7144
21.85,0,0,3.0,0,1,3.93,1.23,0.26,6.8,32.5735
12.88,2,0,4.0,2,1,4.81,0.76,0.18,98.13,32.2622
6.63,0,1,4.0,2,0,4.08,1.72,0.25,101.28,40.8036
30.92,2,0,4.0,1,1,2.47,1.31,0.23,15.73,46.5931
15.14,2,0,3.0,1,1,2.73,0.7,0.37,89.96,46.61319999999999
24.58,0,1,1.0,2,0,2.22,1.92,0.13,70.61,58.59289999999999
3.54,0,1,2.0,1,2,3.21,0.7,0.26,55.94,20.2324
17.49,0,0,2.0,1,0,4.76,1.28,0.47,73.92,61.8896
4.11,0,1,4.0,1,2,2.27,1.9,0.37,112.28,51.6226
49.51,2,1,2.0,2,0,4.84,0.78,0.2,13.75,46.207800000000006
13.48,0,0,3.0,1,1,3.21,1.07,0.22,96.07,38.769
21.18,0,0,2.0,1,1,3.05,1.26,0.32,51.27,46.1432
18.09,2,0,4.0,2,0,4.32,0.72,0.25,7.7,19.2698
46.55,3,0,3.0,0,0,4.41,1.42,0.3,42.88,83.375
48.29,0,1,3.0,2,1,3.1,1.57,0.23,109.74,104.1555
36.81,2,0,2.0,1,0,2.45,1.87,0.39,19.66,78.95210000000002
46.98,2,1,4.0,1,0,4.4,1.92,0.45,15.7,101.6666
9.88,2,1,1.0,2,0,4.12,0.87,0.18,72.77,25.8142
37.31,2,0,2.0,0,0,3.1,0.95,0.46,35.63,54.9343
29.15,0,0,2.0,2,0,2.32,1.84,0.24,108.44,81.9816
39.97,3,0,3.0,2,1,4.96,0.67,0.15,107.38,47.846900000000005
9.05,0,1,2.0,2,0,3.74,0.51,0.18,59.73,19.1069
40.91,0,0,1.0,2,0,4.73,1.16,0.28,19.1,57.53359999999999
33.59,0,0,1.0,1,1,3.66,0.57,0.42,111.71,69.7245
43.98,1,1,4.0,1,0,4.53,1.21,0.32,47.22,72.8562
23.67,1,0,1.0,2,2,4.76,1.73,0.38,43.49,62.2353
37.63,1,0,4.0,2,0,3.63,0.68,0.11,85.34,38.6058
25.63,2,0,3.0,2,1,4.22,1.3,0.26,85.95,59.886
12.38,0,0,2.0,2,1,4.27,0.93,0.23,61.64,29.9606
19.81,2,0,3.0,1,1,2.5,1.5,0.19,61.26,43.8544
45.42,1,1,3.0,2,0,4.16,0.74,0.47,27.93,50.89789999999999
6.73,0,0,4.0,1,0,3.39,1.78,0.47,9.87,20.0083
47.05,2,0,4.0,1,2,2.52,1.87,0.49,77.86,128.6549
31.76,2,0,3.0,1,0,3.01,0.9,0.1,33.58,34.952
7.82,3,1,2.0,1,1,3.2,0.98,0.27,93.64,36.1464
39.91,1,0,4.0,2,0,3.65,1.33,0.44,42.63,75.4875
31.38,3,0,4.0,0,0,3.86,0.58,0.2,32.85,28.6304
27.14,0,1,2.0,2,0,3.99,0.57,0.49,24.44,31.4354
44.8,2,1,1.0,1,0,4.51,1.58,0.35,94.11,108.2325
39.64,0,0,4.0,2,1,2.65,1.17,0.42,19.92,57.3952
13.18,2,0,4.0,2,0,2.47,1.5,0.4,84.05,55.86
37.45,0,0,4.0,1,0,4.92,0.5,0.11,77.83,32.2063
2.64,2,0,1.0,2,2,4.53,1.71,0.43,98.23,51.2833
28.92,0,1,1.0,2,0,3.5,0.62,0.11,10.15,22.5469
38.36,1,0,3.0,2,0,4.94,0.79,0.36,39.09,49.3168
41.24,0,0,1.0,0,0,3.91,1.03,0.38,38.26,60.92600000000001
42.48,1,0,4.0,0,0,4.79,1.95,0.14,65.02,96.7288
8.35,0,0,4.0,2,0,3.96,1.81,0.4,43.66,36.5375
12.23,0,0,4.0,2,0,2.77,0.95,0.3,38.38,25.9025
32.42,1,0,4.0,1,0,2.58,1.41,0.11,14.18,49.852
35.0,2,0,2.0,1,2,4.48,1.36,0.23,53.07,64.2861
27.59,3,1,1.0,2,0,3.69,0.58,0.49,113.43,75.27289999999999
9.9,0,1,3.0,2,0,2.62,0.81,0.34,102.33,45.4312
45.51,1,0,4.0,2,1,3.71,1.26,0.44,89.21,100.305
29.59,0,1,4.0,0,2,4.6,1.32,0.28,75.26,64.73160000000001
25.79,0,0,2.0,2,0,4.86,0.66,0.13,66.91,30.5797
30.96,0,0,2.0,0,0,2.96,1.24,0.18,69.98,53.9468
43.73,2,0,4.0,1,0,4.64,1.97,0.44,108.76,138.6425
35.14,2,1,2.0,2,0,4.17,1.05,0.11,113.49,53.550900000000006
35.65,3,1,4.0,1,1,4.35,0.69,0.42,35.49,43.8543
8.47,1,1,2.0,0,0,3.33,1.15,0.2,61.93,25.4565
30.73,2,1,3.0,2,1,4.33,1.83,0.19,63.09,72.553
46.78,0,1,3.0,2,0,3.13,1.75,0.17,34.03,90.7801
46.35,2,0,1.0,2,0,3.1,0.95,0.24,89.15,68.52850000000001
6.55,2,1,3.0,2,1,4.43,0.55,0.3,45.41,21.6555
49.26,0,0,4.0,1,0,3.09,1.95,0.29,35.46,109.4304
42.11,1,0,1.0,0,0,3.57,1.29,0.21,45.23,67.3902
7.11,2,0,2.0,1,1,4.01,0.95,0.11,86.46,20.2751
26.42,3,1,3.0,1,0,4.8,1.98,0.22,16.49,60.7394
29.97,2,0,3.0,2,0,4.17,0.56,0.45,97.58,64.86420000000001
20.55,1,0,3.0,1,2,3.73,1.48,0.4,47.54,53.16
3.68,0,0,3.0,2,0,3.94,1.16,0.44,79.58,43.224
17.42,0,0,4.0,2,0,2.09,1.92,0.3,88.42,62.0624
40.34,2,1,1.0,2,0,3.85,0.87,0.15,29.11,43.31230000000001
20.51,1,0,3.0,2,2,3.08,1.55,0.28,54.3,50.07450000000001
27.33,0,0,4.0,0,0,2.24,0.6,0.13,25.97,22.0141
46.07,0,1,3.0,0,0,2.58,0.79,0.43,113.36,87.7201
17.97,2,1,3.0,1,0,4.85,0.82,0.15,91.83,33.3599
37.14,1,0,3.0,1,0,3.4,0.78,0.45,43.84,52.0972
23.17,0,0,2.0,1,0,4.15,1.79,0.35,93.07,78.1988
7.9,0,0,3.0,2,0,3.61,1.91,0.42,55.74,42.1098
25.42,1,0,4.0,1,2,2.73,1.03,0.41,49.45,49.1871
18.76,0,0,2.0,0,0,2.57,0.9,0.29,117.24,53.4536
33.51,0,1,4.0,1,1,3.94,1.09,0.32,67.27,61.9923
9.72,0,1,2.0,0,0,3.95,1.54,0.17,101.99,36.2571
48.09,0,1,1.0,0,0,4.47,1.23,0.29,92.6,90.4747
8.28,3,0,4.0,2,2,3.25,1.27,0.49,11.7,19.4986
49.85,2,0,3.0,2,0,4.94,1.21,0.11,104.35,76.737
30.17,0,0,4.0,2,0,4.13,1.91,0.36,103.47,99.0039
37.75,1,0,2.0,2,2,3.55,0.56,0.12,44.99,30.0888
45.0,1,1,3.0,0,0,3.71,1.32,0.32,28.19,72.13080000000001
11.05,3,0,4.0,2,0,4.76,0.75,0.18,14.0,15.5675
4.22,1,0,3.0,1,0,4.02,1.81,0.16,83.98,25.095
39.0,1,1,1.0,1,0,2.19,1.56,0.43,64.81,90.8983
23.21,0,0,4.0,2,0,3.4,1.18,0.15,100.48,45.85979999999999
26.7,2,1,1.0,2,0,2.72,1.31,0.19,53.21,47.8069
22.6,0,0,1.0,2,0,3.41,1.77,0.28,27.31,51.058800000000005
20.64,3,0,3.0,1,0,3.37,1.22,0.31,37.76,40.2564
28.42,3,0,3.0,2,2,3.75,1.06,0.41,63.09,59.74210000000001
8.61,2,0,3.0,1,0,3.07,1.24,0.28,66.1,32.2544
43.23,2,0,2.0,1,1,3.51,0.78,0.35,96.01,70.8329
19.29,1,1,3.0,1,0,3.99,1.51,0.16,94.79,48.2843
2.24,1,1,3.0,2,0,2.63,0.68,0.33,13.69,8.6709
8.65,0,0,3.0,2,1,2.12,0.62,0.26,33.37,16.1592
33.29,0,0,3.0,0,0,4.48,1.1,0.19,52.09,50.996100000000006
11.88,0,0,2.0,2,0,4.67,0.63,0.27,39.27,22.7573
12.32,0,0,3.0,1,0,3.8,1.15,0.31,6.37,19.9427
33.92,1,1,4.0,1,0,3.59,0.76,0.17,39.58,36.09780000000001
1.97,0,0,1.0,2,0,2.08,1.98,0.37,71.48,32.428200000000004
40.2,2,0,3.0,0,0,3.38,1.53,0.2,66.51,78.18800000000002
9.75,0,1,1.0,2,0,3.89,0.99,0.3,105.81,45.2855
32.98,2,0,3.0,0,0,3.67,0.64,0.49,109.94,78.64779999999999
5.87,1,1,4.0,1,0,2.84,0.93,0.34,58.15,28.0701
36.39,2,0,4.0,1,0,2.26,1.47,0.34,114.15,94.5643
42.93,0,0,2.0,2,0,3.24,0.54,0.14,119.84,43.19980000000001
33.74,0,0,4.0,0,1,4.97,0.92,0.42,48.47,56.3682
11.04,1,1,2.0,0,0,2.83,0.59,0.38,5.93,11.596999999999998
15.36,0,0,1.0,1,0,3.49,0.74,0.34,6.06,16.9168
44.92,2,0,2.0,1,0,2.99,1.84,0.28,57.97,101.8744
1.64,0,0,3.0,1,0,3.32,1.53,0.44,61.16,32.7396
5.19,1,0,4.0,1,1,4.57,0.87,0.48,7.6,12.7333
9.89,1,0,2.0,1,2,2.61,1.36,0.33,69.39,38.95910000000001
13.71,0,0,3.0,1,0,3.54,0.76,0.3,27.87,22.3206
31.58,3,1,1.0,2,1,4.57,0.88,0.24,91.7,54.3684
21.06,0,1,3.0,2,0,3.19,1.74,0.28,17.7,44.7904
28.05,0,0,1.0,2,0,2.6,1.23,0.15,58.8,45.9215
22.37,1,0,3.0,2,0,3.27,1.32,0.12,13.15,34.376400000000004
15.43,1,1,3.0,2,0,3.16,0.96,0.41,73.79,48.2267
38.42,0,0,1.0,1,0,4.29,0.63,0.4,65.68,54.76660000000001
7.87,0,0,2.0,1,0,3.52,1.57,0.16,64.51,26.1975
24.88,2,1,2.0,0,0,3.4,1.54,0.2,68.14,55.3432
44.83,0,1,3.0,2,2,2.17,1.09,0.19,72.04,64.7223
40.19,0,0,1.0,2,0,2.79,1.12,0.1,51.19,52.9218
21.84,1,0,4.0,1,0,3.31,1.2,0.15,114.14,46.639
14.17,0,1,4.0,1,2,4.84,0.65,0.15,37.82,19.7235
27.54,0,1,1.0,1,0,4.3,0.96,0.49,102.08,80.7576
13.64,2,0,4.0,2,1,3.77,1.5,0.15,100.3,39.275
7.83,0,0,4.0,2,0,4.16,0.93,0.18,99.63,29.3753
41.91,0,0,2.0,2,0,4.82,1.19,0.34,26.72,63.7777
49.24,0,0,2.0,2,0,4.64,0.79,0.13,85.63,54.67150000000001
26.76,0,0,2.0,0,0,3.55,0.82,0.44,38.42,42.398
1.9,2,1,1.0,1,0,3.66,0.82,0.28,88.44,29.9812
6.77,0,1,2.0,0,0,2.38,0.92,0.36,5.1,10.4444
14.43,2,0,4.0,0,0,2.81,1.46,0.21,24.69,29.0627
28.15,0,0,2.0,0,0,2.06,0.61,0.18,17.02,22.2951
32.92,1,0,4.0,1,0,4.17,0.7,0.36,32.31,38.8456
11.11,1,1,3.0,2,0,3.79,1.01,0.17,59.73,25.1652
1.54,0,0,3.0,0,0,3.62,1.56,0.38,10.13,9.8718
43.82,0,0,4.0,1,0,2.19,1.48,0.15,42.17,73.3691
30.27,0,1,4.0,2,0,3.66,0.67,0.41,41.65,41.0174
30.43,2,1,2.0,2,0,4.52,1.3,0.37,56.58,65.0136
33.59,2,0,4.0,2,0,4.99,1.16,0.15,77.02,55.5074
9.59,0,1,2.0,0,0,3.29,0.9,0.38,21.83,20.2164
21.52,3,1,3.0,0,1,4.72,1.81,0.48,103.83,93.5096
19.77,3,0,4.0,1,0,2.57,2.0,0.16,34.47,47.6252
26.43,0,1,4.0,2,0,3.85,1.41,0.36,48.72,58.65549999999999
3.3,0,1,2.0,1,0,3.22,1.11,0.25,105.2,33.183
9.15,0,0,2.0,2,2,2.12,0.84,0.48,81.26,48.8108
37.16,1,1,1.0,2,2,3.04,0.89,0.23,44.3,46.3014
18.43,0,1,2.0,1,0,2.17,1.08,0.2,114.78,45.03040000000001
28.75,0,1,2.0,0,1,4.8,1.42,0.22,63.9,59.68299999999999
24.33,2,0,3.0,0,0,4.3,1.0,0.11,46.42,33.7362
46.9,1,0,4.0,0,0,4.47,0.56,0.21,84.34,48.44540000000001
36.9,2,1,4.0,1,0,3.94,1.81,0.28,106.66,100.5938
2.53,2,0,2.0,2,0,4.14,1.1,0.45,110.59,56.688500000000005
13.85,3,0,4.0,2,0,4.77,1.25,0.38,98.75,59.6075
25.32,1,1,4.0,2,1,3.58,1.81,0.36,37.19,62.7976
30.25,1,1,2.0,2,0,2.38,1.17,0.48,17.18,46.0189
17.38,2,0,2.0,1,1,3.78,1.01,0.1,17.91,23.1248
38.77,1,0,1.0,2,0,3.45,0.71,0.2,38.49,38.6747
6.22,0,1,4.0,2,0,3.87,1.16,0.47,75.63,46.6313
4.68,0,1,4.0,2,1,2.03,1.24,0.47,97.5,53.6582
36.68,2,0,4.0,1,0,2.58,1.11,0.39,108.41,85.5747
34.73,1,0,4.0,1,0,4.85,1.13,0.14,5.65,44.88589999999999
22.31,0,0,2.0,1,0,3.15,1.94,0.31,26.43,54.6247
41.14,1,1,3.0,2,1,4.14,1.71,0.17,46.78,82.44200000000001
40.17,1,0,3.0,1,0,3.81,0.66,0.42,62.66,56.6394
14.34,0,0,1.0,2,0,3.23,1.01,0.29,45.07,30.7837
18.69,1,0,3.0,2,0,4.9,1.79,0.17,79.41,51.8548
5.49,0,1,4.0,2,0,2.39,0.62,0.49,58.39,34.4049
47.56,2,0,1.0,1,0,2.67,0.82,0.17,114.94,61.209
